experiment,image_path,output_path,config
1,pic1.jpg,outputs/simulated_1.jpg,"{'noise': {'enabled': True, 'mean': 0, 'sigma': 10}, 'brightness': {'enabled': True, 'factor': 0.8}, 'blur': {'enabled': True, 'kernel_size': 15}, 'rotate': {'enabled': True, 'angle': 0}, 'color_shift': {'enabled': True, 'shift_value': (20, -10, 5)}, 'occlusion': {'enabled': False}}"
2,pic1.jpg,outputs/simulated_2.jpg,"{'noise': {'enabled': True, 'mean': 0, 'sigma': 10}, 'brightness': {'enabled': True, 'factor': 0.8}, 'blur': {'enabled': True, 'kernel_size': 15}, 'rotate': {'enabled': True, 'angle': 5}, 'color_shift': {'enabled': True, 'shift_value': (20, -10, 5)}, 'occlusion': {'enabled': False}}"
3,pic1.jpg,outputs/simulated_3.jpg,"{'noise': {'enabled': True, 'mean': 0, 'sigma': 10}, 'brightness': {'enabled': True, 'factor': 0.8}, 'blur': {'enabled': True, 'kernel_size': 15}, 'rotate': {'enabled': True, 'angle': 10}, 'color_shift': {'enabled': True, 'shift_value': (20, -10, 5)}, 'occlusion': {'enabled': False}}"
4,pic1.jpg,outputs/simulated_4.jpg,"{'noise': {'enabled': True, 'mean': 0, 'sigma': 30}, 'brightness': {'enabled': True, 'factor': 0.8}, 'blur': {'enabled': True, 'kernel_size': 15}, 'rotate': {'enabled': True, 'angle': 0}, 'color_shift': {'enabled': True, 'shift_value': (20, -10, 5)}, 'occlusion': {'enabled': False}}"
5,pic1.jpg,outputs/simulated_5.jpg,"{'noise': {'enabled': True, 'mean': 0, 'sigma': 30}, 'brightness': {'enabled': True, 'factor': 0.8}, 'blur': {'enabled': True, 'kernel_size': 15}, 'rotate': {'enabled': True, 'angle': 5}, 'color_shift': {'enabled': True, 'shift_value': (20, -10, 5)}, 'occlusion': {'enabled': False}}"
6,pic1.jpg,outputs/simulated_6.jpg,"{'noise': {'enabled': True, 'mean': 0, 'sigma': 30}, 'brightness': {'enabled': True, 'factor': 0.8}, 'blur': {'enabled': True, 'kernel_size': 15}, 'rotate': {'enabled': True, 'angle': 10}, 'color_shift': {'enabled': True, 'shift_value': (20, -10, 5)}, 'occlusion': {'enabled': False}}"
7,pic1.jpg,outputs/simulated_7.jpg,"{'noise': {'enabled': True, 'mean': 0, 'sigma': 50}, 'brightness': {'enabled': True, 'factor': 0.8}, 'blur': {'enabled': True, 'kernel_size': 15}, 'rotate': {'enabled': True, 'angle': 0}, 'color_shift': {'enabled': True, 'shift_value': (20, -10, 5)}, 'occlusion': {'enabled': False}}"
8,pic1.jpg,outputs/simulated_8.jpg,"{'noise': {'enabled': True, 'mean': 0, 'sigma': 50}, 'brightness': {'enabled': True, 'factor': 0.8}, 'blur': {'enabled': True, 'kernel_size': 15}, 'rotate': {'enabled': True, 'angle': 5}, 'color_shift': {'enabled': True, 'shift_value': (20, -10, 5)}, 'occlusion': {'enabled': False}}"
9,pic1.jpg,outputs/simulated_9.jpg,"{'noise': {'enabled': True, 'mean': 0, 'sigma': 50}, 'brightness': {'enabled': True, 'factor': 0.8}, 'blur': {'enabled': True, 'kernel_size': 15}, 'rotate': {'enabled': True, 'angle': 10}, 'color_shift': {'enabled': True, 'shift_value': (20, -10, 5)}, 'occlusion': {'enabled': False}}"
