ID,InputImage,NoiseSigma,RotationAngle,Epsilon,OriginalLabel,OriginalConf,AdvLabel,AdvConf,SimulatedImagePath,AdversarialImagePath
0,pic1.jpg,10,0,0.02,979,0.6201975345611572,123,0.3682986795902252,/Users/olivershen/PycharmProjects/Battlefield_Simulation/outputs/pic1_noise10_rot0.png,/Users/olivershen/PycharmProjects/Battlefield_Simulation/outputs/pic1_adv_noise10_rot0.png
1,pic1.jpg,10,5,0.02,979,0.6201975345611572,908,0.7477201819419861,/Users/olivershen/PycharmProjects/Battlefield_Simulation/outputs/pic1_noise10_rot5.png,/Users/olivershen/PycharmProjects/Battlefield_Simulation/outputs/pic1_adv_noise10_rot5.png
2,pic1.jpg,10,10,0.02,979,0.6201975345611572,908,0.9930979609489441,/Users/olivershen/PycharmProjects/Battlefield_Simulation/outputs/pic1_noise10_rot10.png,/Users/olivershen/PycharmProjects/Battlefield_Simulation/outputs/pic1_adv_noise10_rot10.png
3,pic1.jpg,20,0,0.02,979,0.6201975345611572,124,0.11258450895547867,/Users/olivershen/PycharmProjects/Battlefield_Simulation/outputs/pic1_noise20_rot0.png,/Users/olivershen/PycharmProjects/Battlefield_Simulation/outputs/pic1_adv_noise20_rot0.png
4,pic1.jpg,20,5,0.02,979,0.6201975345611572,908,0.8570705652236938,/Users/olivershen/PycharmProjects/Battlefield_Simulation/outputs/pic1_noise20_rot5.png,/Users/olivershen/PycharmProjects/Battlefield_Simulation/outputs/pic1_adv_noise20_rot5.png
5,pic1.jpg,20,10,0.02,979,0.6201975345611572,908,0.9819412231445312,/Users/olivershen/PycharmProjects/Battlefield_Simulation/outputs/pic1_noise20_rot10.png,/Users/olivershen/PycharmProjects/Battlefield_Simulation/outputs/pic1_adv_noise20_rot10.png
6,pic1.jpg,30,0,0.02,979,0.6201975345611572,65,0.07456164807081223,/Users/olivershen/PycharmProjects/Battlefield_Simulation/outputs/pic1_noise30_rot0.png,/Users/olivershen/PycharmProjects/Battlefield_Simulation/outputs/pic1_adv_noise30_rot0.png
7,pic1.jpg,30,5,0.02,979,0.6201975345611572,908,0.549061119556427,/Users/olivershen/PycharmProjects/Battlefield_Simulation/outputs/pic1_noise30_rot5.png,/Users/olivershen/PycharmProjects/Battlefield_Simulation/outputs/pic1_adv_noise30_rot5.png
8,pic1.jpg,30,10,0.02,979,0.6201975345611572,549,0.19483676552772522,/Users/olivershen/PycharmProjects/Battlefield_Simulation/outputs/pic1_noise30_rot10.png,/Users/olivershen/PycharmProjects/Battlefield_Simulation/outputs/pic1_adv_noise30_rot10.png
9,pic1.jpg,50,0,0.02,979,0.6201975345611572,111,0.06866013258695602,/Users/olivershen/PycharmProjects/Battlefield_Simulation/outputs/pic1_noise50_rot0.png,/Users/olivershen/PycharmProjects/Battlefield_Simulation/outputs/pic1_adv_noise50_rot0.png
10,pic1.jpg,50,5,0.02,979,0.6201975345611572,782,0.09608876705169678,/Users/olivershen/PycharmProjects/Battlefield_Simulation/outputs/pic1_noise50_rot5.png,/Users/olivershen/PycharmProjects/Battlefield_Simulation/outputs/pic1_adv_noise50_rot5.png
11,pic1.jpg,50,10,0.02,979,0.6201975345611572,549,0.6228072047233582,/Users/olivershen/PycharmProjects/Battlefield_Simulation/outputs/pic1_noise50_rot10.png,/Users/olivershen/PycharmProjects/Battlefield_Simulation/outputs/pic1_adv_noise50_rot10.png
12,pic3.jpg,10,0,0.02,500,0.4303484261035919,586,0.12051021307706833,/Users/olivershen/PycharmProjects/Battlefield_Simulation/outputs/pic3_noise10_rot0.png,/Users/olivershen/PycharmProjects/Battlefield_Simulation/outputs/pic3_adv_noise10_rot0.png
13,pic3.jpg,10,5,0.02,500,0.4303484261035919,921,0.3267885446548462,/Users/olivershen/PycharmProjects/Battlefield_Simulation/outputs/pic3_noise10_rot5.png,/Users/olivershen/PycharmProjects/Battlefield_Simulation/outputs/pic3_adv_noise10_rot5.png
14,pic3.jpg,10,10,0.02,500,0.4303484261035919,549,0.5890927910804749,/Users/olivershen/PycharmProjects/Battlefield_Simulation/outputs/pic3_noise10_rot10.png,/Users/olivershen/PycharmProjects/Battlefield_Simulation/outputs/pic3_adv_noise10_rot10.png
15,pic3.jpg,20,0,0.02,500,0.4303484261035919,921,0.22232656180858612,/Users/olivershen/PycharmProjects/Battlefield_Simulation/outputs/pic3_noise20_rot0.png,/Users/olivershen/PycharmProjects/Battlefield_Simulation/outputs/pic3_adv_noise20_rot0.png
16,pic3.jpg,20,5,0.02,500,0.4303484261035919,921,0.4566026031970978,/Users/olivershen/PycharmProjects/Battlefield_Simulation/outputs/pic3_noise20_rot5.png,/Users/olivershen/PycharmProjects/Battlefield_Simulation/outputs/pic3_adv_noise20_rot5.png
17,pic3.jpg,20,10,0.02,500,0.4303484261035919,549,0.6191263794898987,/Users/olivershen/PycharmProjects/Battlefield_Simulation/outputs/pic3_noise20_rot10.png,/Users/olivershen/PycharmProjects/Battlefield_Simulation/outputs/pic3_adv_noise20_rot10.png
18,pic3.jpg,30,0,0.02,500,0.4303484261035919,921,0.38563328981399536,/Users/olivershen/PycharmProjects/Battlefield_Simulation/outputs/pic3_noise30_rot0.png,/Users/olivershen/PycharmProjects/Battlefield_Simulation/outputs/pic3_adv_noise30_rot0.png
19,pic3.jpg,30,5,0.02,500,0.4303484261035919,921,0.32313409447669983,/Users/olivershen/PycharmProjects/Battlefield_Simulation/outputs/pic3_noise30_rot5.png,/Users/olivershen/PycharmProjects/Battlefield_Simulation/outputs/pic3_adv_noise30_rot5.png
20,pic3.jpg,30,10,0.02,500,0.4303484261035919,549,0.6999741792678833,/Users/olivershen/PycharmProjects/Battlefield_Simulation/outputs/pic3_noise30_rot10.png,/Users/olivershen/PycharmProjects/Battlefield_Simulation/outputs/pic3_adv_noise30_rot10.png
21,pic3.jpg,50,0,0.02,500,0.4303484261035919,586,0.552219033241272,/Users/olivershen/PycharmProjects/Battlefield_Simulation/outputs/pic3_noise50_rot0.png,/Users/olivershen/PycharmProjects/Battlefield_Simulation/outputs/pic3_adv_noise50_rot0.png
22,pic3.jpg,50,5,0.02,500,0.4303484261035919,921,0.3447099030017853,/Users/olivershen/PycharmProjects/Battlefield_Simulation/outputs/pic3_noise50_rot5.png,/Users/olivershen/PycharmProjects/Battlefield_Simulation/outputs/pic3_adv_noise50_rot5.png
23,pic3.jpg,50,10,0.02,500,0.4303484261035919,549,0.8981553912162781,/Users/olivershen/PycharmProjects/Battlefield_Simulation/outputs/pic3_noise50_rot10.png,/Users/olivershen/PycharmProjects/Battlefield_Simulation/outputs/pic3_adv_noise50_rot10.png
24,pic2.jpg,10,0,0.02,718,0.15586283802986145,803,0.9436483383178711,/Users/olivershen/PycharmProjects/Battlefield_Simulation/outputs/pic2_noise10_rot0.png,/Users/olivershen/PycharmProjects/Battlefield_Simulation/outputs/pic2_adv_noise10_rot0.png
25,pic2.jpg,10,5,0.02,718,0.15586283802986145,669,0.12106795608997345,/Users/olivershen/PycharmProjects/Battlefield_Simulation/outputs/pic2_noise10_rot5.png,/Users/olivershen/PycharmProjects/Battlefield_Simulation/outputs/pic2_adv_noise10_rot5.png
26,pic2.jpg,10,10,0.02,718,0.15586283802986145,669,0.27618375420570374,/Users/olivershen/PycharmProjects/Battlefield_Simulation/outputs/pic2_noise10_rot10.png,/Users/olivershen/PycharmProjects/Battlefield_Simulation/outputs/pic2_adv_noise10_rot10.png
27,pic2.jpg,20,0,0.02,718,0.15586283802986145,640,0.4524591565132141,/Users/olivershen/PycharmProjects/Battlefield_Simulation/outputs/pic2_noise20_rot0.png,/Users/olivershen/PycharmProjects/Battlefield_Simulation/outputs/pic2_adv_noise20_rot0.png
28,pic2.jpg,20,5,0.02,718,0.15586283802986145,669,0.17511820793151855,/Users/olivershen/PycharmProjects/Battlefield_Simulation/outputs/pic2_noise20_rot5.png,/Users/olivershen/PycharmProjects/Battlefield_Simulation/outputs/pic2_adv_noise20_rot5.png
29,pic2.jpg,20,10,0.02,718,0.15586283802986145,721,0.08231396228075027,/Users/olivershen/PycharmProjects/Battlefield_Simulation/outputs/pic2_noise20_rot10.png,/Users/olivershen/PycharmProjects/Battlefield_Simulation/outputs/pic2_adv_noise20_rot10.png
30,pic2.jpg,30,0,0.02,718,0.15586283802986145,640,0.15669462084770203,/Users/olivershen/PycharmProjects/Battlefield_Simulation/outputs/pic2_noise30_rot0.png,/Users/olivershen/PycharmProjects/Battlefield_Simulation/outputs/pic2_adv_noise30_rot0.png
31,pic2.jpg,30,5,0.02,718,0.15586283802986145,669,0.10767126828432083,/Users/olivershen/PycharmProjects/Battlefield_Simulation/outputs/pic2_noise30_rot5.png,/Users/olivershen/PycharmProjects/Battlefield_Simulation/outputs/pic2_adv_noise30_rot5.png
32,pic2.jpg,30,10,0.02,718,0.15586283802986145,921,0.33272823691368103,/Users/olivershen/PycharmProjects/Battlefield_Simulation/outputs/pic2_noise30_rot10.png,/Users/olivershen/PycharmProjects/Battlefield_Simulation/outputs/pic2_adv_noise30_rot10.png
33,pic2.jpg,50,0,0.02,718,0.15586283802986145,640,0.3418838679790497,/Users/olivershen/PycharmProjects/Battlefield_Simulation/outputs/pic2_noise50_rot0.png,/Users/olivershen/PycharmProjects/Battlefield_Simulation/outputs/pic2_adv_noise50_rot0.png
34,pic2.jpg,50,5,0.02,718,0.15586283802986145,921,0.23627518117427826,/Users/olivershen/PycharmProjects/Battlefield_Simulation/outputs/pic2_noise50_rot5.png,/Users/olivershen/PycharmProjects/Battlefield_Simulation/outputs/pic2_adv_noise50_rot5.png
35,pic2.jpg,50,10,0.02,718,0.15586283802986145,549,0.4394119083881378,/Users/olivershen/PycharmProjects/Battlefield_Simulation/outputs/pic2_noise50_rot10.png,/Users/olivershen/PycharmProjects/Battlefield_Simulation/outputs/pic2_adv_noise50_rot10.png
